code,citystate,city,state
ALC,"ALCAN, AK",ALCAN,AK
ANC,"ANCHORAGE, AK",ANCHORAGE,AK
BAR,"BAKER AAF - BAKER ISLAND, AK",BAKER AAF - BAKER ISLAND,AK
DAC,"DALTONS CACHE, AK",DALTONS CACHE,AK
PIZ,"DEW STATION PT LAY DEW, AK",DEW STATION PT LAY DEW,AK
DTH,"DUTCH HARBOR, AK",DUTCH HARBOR,AK
EGL,"EAGLE, AK",EAGLE,AK
FRB,"FAIRBANKS, AK",FAIRBANKS,AK
HOM,"HOMER, AK",HOMER,AK
HYD,"HYDER, AK",HYDER,AK
JUN,"JUNEAU, AK",JUNEAU,AK
5KE,"KETCHIKAN, AK",KETCHIKAN,AK
KET,"KETCHIKAN, AK",KETCHIKAN,AK
MOS,"MOSES POINT INTERMEDIATE, AK",MOSES POINT INTERMEDIATE,AK
NIK,"NIKISKI, AK",NIKISKI,AK
NOM,"NOM, AK",NOM,AK
PKC,"POKER CREEK, AK",POKER CREEK,AK
ORI,"PORT LIONS SPB, AK",PORT LIONS SPB,AK
SKA,"SKAGWAY, AK",SKAGWAY,AK
SNP,"ST. PAUL ISLAND, AK",ST. PAUL ISLAND,AK
TKI,"TOKEEN, AK",TOKEEN,AK
WRA,"WRANGELL, AK",WRANGELL,AK
HSV,"MADISON COUNTY - HUNTSVILLE, AL",MADISON COUNTY - HUNTSVILLE,AL
MOB,"MOBILE, AL",MOBILE,AL
ROG,"ROGERS ARPT, AR",ROGERS ARPT,AR
DOU,"DOUGLAS, AZ",DOUGLAS,AZ
LUK,"LUKEVILLE, AZ",LUKEVILLE,AZ
MAP,"MARIPOSA, AZ",MARIPOSA,AZ
NAC,"NACO, AZ",NACO,AZ
NOG,"NOGALES, AZ",NOGALES,AZ
PHO,"PHOENIX, AZ",PHOENIX,AZ
POR,"PORTAL, AZ",PORTAL,AZ
SLU,"SAN LUIS, AZ",SAN LUIS,AZ
SAS,"SASABE, AZ",SASABE,AZ
TUC,"TUCSON, AZ",TUCSON,AZ
YUI,"YUMA, AZ",YUMA,AZ
AND,"ANDRADE, CA",ANDRADE,CA
BUR,"BURBANK, CA",BURBANK,CA
CAL,"CALEXICO, CA",CALEXICO,CA
CAO,"CAMPO, CA",CAMPO,CA
FRE,"FRESNO, CA",FRESNO,CA
ICP,"IMPERIAL COUNTY, CA",IMPERIAL COUNTY,CA
LNB,"LONG BEACH, CA",LONG BEACH,CA
LOS,"LOS ANGELES, CA",LOS ANGELES,CA
BFL,"MEADOWS FIELD - BAKERSFIELD, CA",MEADOWS FIELD - BAKERSFIELD,CA
OAK,"OAKLAND, CA",OAKLAND,CA
ONT,"ONTARIO, CA",ONTARIO,CA
OTM,"OTAY MESA, CA",OTAY MESA,CA
BLT,"PACIFIC, HWY. STATION, CA","PACIFIC, HWY. STATION",CA
PSP,"PALM SPRINGS, CA",PALM SPRINGS,CA
SAC,"SACRAMENTO, CA",SACRAMENTO,CA
SDP,"SAN DIEGO, CA",SAN DIEGO,CA
SFR,"SAN FRANCISCO, CA",SAN FRANCISCO,CA
SNJ,"SAN JOSE, CA",SAN JOSE,CA
SLO,"SAN LUIS OBISPO, CA",SAN LUIS OBISPO,CA
SPC,"SAN PEDRO, CA",SAN PEDRO,CA
SYS,"SAN YSIDRO, CA",SAN YSIDRO,CA
SAA,"SANTA ANA, CA",SANTA ANA,CA
TEC,"TECATE, CA",TECATE,CA
TRV,"TRAVIS-AFB, CA",TRAVIS-AFB,CA
APA,"ARAPAHOE COUNTY, CO",ARAPAHOE COUNTY,CO
COS,"COLORADO SPRINGS, CO",COLORADO SPRINGS,CO
DEN,"DENVER, CO",DENVER,CO
DRO,"LA PLATA - DURANGO, CO",LA PLATA - DURANGO,CO
BDL,"BRADLEY INTERNATIONAL, CT",BRADLEY INTERNATIONAL,CT
BGC,"BRIDGEPORT, CT",BRIDGEPORT,CT
GRT,"GROTON, CT",GROTON,CT
HAR,"HARTFORD, CT",HARTFORD,CT
NWH,"NEW HAVEN, CT",NEW HAVEN,CT
NWL,"NEW LONDON, CT",NEW LONDON,CT
TST,"NEWINGTON DATA CENTER TEST, CT",NEWINGTON DATA CENTER TEST,CT
WAS,"WASHINGTON, DC",WASHINGTON,DC
DOV,"DOVER AFB, DE",DOVER AFB,DE
DVD,"DOVER-AFB, DE",DOVER-AFB,DE
WLL,"WILMINGTON, DE",WILMINGTON,DE
BOC,"BOCAGRANDE, FL",BOCAGRANDE,FL
SRQ,"BRADENTON - SARASOTA, FL",BRADENTON - SARASOTA,FL
CAN,"CAPE CANAVERAL, FL",CAPE CANAVERAL,FL
DAB,"DAYTONA BEACH INTERNATIONAL, FL",DAYTONA BEACH INTERNATIONAL,FL
FRN,"FERNANDINA, FL",FERNANDINA,FL
FTL,"FORT LAUDERDALE, FL",FORT LAUDERDALE,FL
FMY,"FORT MYERS, FL",FORT MYERS,FL
FPF,"FORT PIERCE, FL",FORT PIERCE,FL
HUR,"HURLBURT FIELD, FL",HURLBURT FIELD,FL
GNV,"J R ALISON MUNI - GAINESVILLE, FL",J R ALISON MUNI - GAINESVILLE,FL
JAC,"JACKSONVILLE, FL",JACKSONVILLE,FL
KEY,"KEY WEST, FL",KEY WEST,FL
LEE,"LEESBURG MUNICIPAL AIRPORT, FL",LEESBURG MUNICIPAL AIRPORT,FL
MLB,"MELBOURNE, FL",MELBOURNE,FL
MIA,"MIAMI, FL",MIAMI,FL
OPF,"OPA LOCKA, FL",OPA LOCKA,FL
ORL,"ORLANDO, FL",ORLANDO,FL
PAN,"PANAMA CITY, FL",PANAMA CITY,FL
PEN,"PENSACOLA, FL",PENSACOLA,FL
PCF,"PORT CANAVERAL, FL",PORT CANAVERAL,FL
PEV,"PORT EVERGLADES, FL",PORT EVERGLADES,FL
PSJ,"PORT ST JOE, FL",PORT ST JOE,FL
SFB,"SANFORD, FL",SANFORD,FL
SGJ,"ST AUGUSTINE ARPT, FL",ST AUGUSTINE ARPT,FL
SAU,"ST AUGUSTINE, FL",ST AUGUSTINE,FL
FPR,"ST LUCIE COUNTY, FL",ST LUCIE COUNTY,FL
SPE,"ST PETERSBURG, FL",ST PETERSBURG,FL
TAM,"TAMPA, FL",TAMPA,FL
WPB,"WEST PALM BEACH, FL",WEST PALM BEACH,FL
ATL,"ATLANTA, GA",ATLANTA,GA
BRU,"BRUNSWICK, GA",BRUNSWICK,GA
AGS,"BUSH FIELD - AUGUSTA, GA",BUSH FIELD - AUGUSTA,GA
SAV,"SAVANNAH, GA",SAVANNAH,GA
AGA,"AGANA, GU",AGANA,GU
HHW,"HONOLULU, HI",HONOLULU,HI
OGG,"KAHULUI - MAUI, HI",KAHULUI - MAUI,HI
KOA,"KEAHOLE-KONA, HI",KEAHOLE-KONA,HI
LIH,"LIHUE, HI",LIHUE,HI
CID,"CEDAR RAPIDS/IOWA CITY, IA",CEDAR RAPIDS/IOWA CITY,IA
DSM,"DES MOINES, IA",DES MOINES,IA
BOI,"AIR TERM. (GOWEN FLD) BOISE, ID",AIR TERM. (GOWEN FLD) BOISE,ID
EPI,"EASTPORT, ID",EASTPORT,ID
IDA,"FANNING FIELD - IDAHO FALLS, ID",FANNING FIELD - IDAHO FALLS,ID
PTL,"PORTHILL, ID",PORTHILL,ID
SPI,"CAPITAL - SPRINGFIELD, IL",CAPITAL - SPRINGFIELD,IL
CHI,"CHICAGO, IL",CHICAGO,IL
DPA,"DUPAGE COUNTY, IL",DUPAGE COUNTY,IL
PIA,"GREATER PEORIA, IL",GREATER PEORIA,IL
RFD,"GREATER ROCKFORD, IL",GREATER ROCKFORD,IL
UGN,"MEMORIAL - WAUKEGAN, IL",MEMORIAL - WAUKEGAN,IL
GAR,"GARY, IN",GARY,IN
HMM,"HAMMOND, IN",HAMMOND,IN
INP,"INDIANAPOLIS, IN",INDIANAPOLIS,IN
MRL,"MERRILLVILLE, IN",MERRILLVILLE,IN
SBN,"SOUTH BEND, IN",SOUTH BEND,IN
ICT,"MID-CONTINENT - WITCHITA, KS",MID-CONTINENT - WITCHITA,KS
LEX,"BLUE GRASS - LEXINGTON, KY",BLUE GRASS - LEXINGTON,KY
LOU,"LOUISVILLE, KY",LOUISVILLE,KY
BTN,"BATON ROUGE, LA",BATON ROUGE,LA
LKC,"LAKE CHARLES, LA",LAKE CHARLES,LA
MLU,"MONROE, LA",MONROE,LA
MGC,"MORGAN CITY, LA",MORGAN CITY,LA
NOL,"NEW ORLEANS, LA",NEW ORLEANS,LA
BOS,"BOSTON, MA",BOSTON,MA
GLO,"GLOUCESTER, MA",GLOUCESTER,MA
BED,"HANSCOM FIELD - BEDFORD, MA",HANSCOM FIELD - BEDFORD,MA
LYN,"LYNDEN, WA",LYNDEN,WA
ADW,"ANDREWS AFB, MD",ANDREWS AFB,MD
BAL,"BALTIMORE, MD",BALTIMORE,MD
MKG,"MUSKEGON, MD",MUSKEGON,MD
PAX,"PATUXENT RIVER, MD",PATUXENT RIVER,MD
BGM,"BANGOR, ME",BANGOR,ME
BOO,"BOOTHBAY HARBOR, ME",BOOTHBAY HARBOR,ME
BWM,"BRIDGEWATER, ME",BRIDGEWATER,ME
BCK,"BUCKPORT, ME",BUCKPORT,ME
CLS,"CALAIS, ME",CALAIS,ME
CRB,"CARIBOU, ME",CARIBOU,ME
COB,"COBURN GORE, ME",COBURN GORE,ME
EST,"EASTCOURT, ME",EASTCOURT,ME
EPT,"EASTPORT MUNICIPAL, ME",EASTPORT MUNICIPAL,ME
EPM,"EASTPORT, ME",EASTPORT,ME
FOR,"FOREST CITY, ME",FOREST CITY,ME
FTF,"FORT FAIRFIELD, ME",FORT FAIRFIELD,ME
FTK,"FORT KENT, ME",FORT KENT,ME
HML,"HAMIIN, ME",HAMIIN,ME
HTM,"HOULTON, ME",HOULTON,ME
JKM,"JACKMAN, ME",JACKMAN,ME
KAL,"KALISPEL, MT",KALISPEL,MT
LIM,"LIMESTONE, ME",LIMESTONE,ME
LUB,"LUBEC, ME",LUBEC,ME
MAD,"MADAWASKA, ME",MADAWASKA,ME
POM,"PORTLAND, ME",PORTLAND,ME
SBR,"SOUTH BREWER, ME",SOUTH BREWER,ME
SRL,"ST AURELIE, ME",ST AURELIE,ME
SPA,"ST PAMPILE, ME",ST PAMPILE,ME
VNB,"VAN BUREN, ME",VAN BUREN,ME
VCB,"VANCEBORO, ME",VANCEBORO,ME
AGN,"ALGONAC, MI",ALGONAC,MI
ALP,"ALPENA, MI",ALPENA,MI
BCY,"BAY CITY, MI",BAY CITY,MI
DET,"DETROIT, MI",DETROIT,MI
GRP,"GRAND RAPIDS, MI",GRAND RAPIDS,MI
GRO,"GROSSE ISLE, MI",GROSSE ISLE,MI
ISL,"ISLE ROYALE, MI",ISLE ROYALE,MI
MRC,"MARINE CITY, MI",MARINE CITY,MI
MRY,"MARYSVILLE, MI",MARYSVILLE,MI
PTK,"OAKLAND COUNTY - PONTIAC, MI",OAKLAND COUNTY - PONTIAC,MI
PHU,"PORT HURON, MI",PORT HURON,MI
RBT,"ROBERTS LANDING, MI",ROBERTS LANDING,MI
SAG,"SAGINAW, MI",SAGINAW,MI
SSM,"SAULT STE. MARIE, MI",SAULT STE. MARIE,MI
SCL,"ST CLAIR, MI",ST CLAIR,MI
YIP,"WILLOW RUN - YPSILANTI, MI",WILLOW RUN - YPSILANTI,MI
BAU,"BAUDETTE, MN",BAUDETTE,MN
CAR,"CARIBOU MUNICIPAL AIRPORT, MN",CARIBOU MUNICIPAL AIRPORT,MN
CRA,"CRANE LAKE, MN",CRANE LAKE,MN
MIC,"CRYSTAL MUNICIPAL AIRPORT, MN",CRYSTAL MUNICIPAL AIRPORT,MN
DUL,"DULUTH, MN",DULUTH,MN
ELY,"ELY, MN",ELY,MN
GPM,"GRAND PORTAGE, MN",GRAND PORTAGE,MN
SVC,"GRANT COUNTY - SILVER CITY, MN",GRANT COUNTY - SILVER CITY,MN
INT,"INT'L FALLS, MN",INT'L FALLS,MN
LAN,"LANCASTER, MN",LANCASTER,MN
MSP,"MINN./ST PAUL, MN",MINN./ST PAUL,MN
LIN,"NORTHERN SVC CENTER, MN",NORTHERN SVC CENTER,MN
NOY,"NOYES, MN",NOYES,MN
PIN,"PINE CREEK, MN",PINE CREEK,MN
48Y,"PINECREEK BORDER ARPT, MN",PINECREEK BORDER ARPT,MN
RAN,"RAINER, MN",RAINER,MN
RST,"ROCHESTER, MN",ROCHESTER,MN
ROS,"ROSEAU, MN",ROSEAU,MN
SPM,"ST PAUL, MN",ST PAUL,MN
WSB,"WARROAD INTL, SPB, MN","WARROAD INTL, SPB",MN
WAR,"WARROAD, MN",WARROAD,MN
KAN,"KANSAS CITY, MO",KANSAS CITY,MO
SGF,"SPRINGFIELD-BRANSON, MO",SPRINGFIELD-BRANSON,MO
STL,"ST LOUIS, MO",ST LOUIS,MO
WHI,"WHITETAIL, MT",WHITETAIL,MT
WHM,"WILD HORSE, MT",WILD HORSE,MT
GPT,"BILOXI REGIONAL, MS",BILOXI REGIONAL,MS
GTR,"GOLDEN TRIANGLE LOWNDES CNTY, MS",GOLDEN TRIANGLE LOWNDES CNTY,MS
GUL,"GULFPORT, MS",GULFPORT,MS
PAS,"PASCAGOULA, MS",PASCAGOULA,MS
JAN,"THOMPSON FIELD - JACKSON, MS",THOMPSON FIELD - JACKSON,MS
BIL,"BILLINGS, MT",BILLINGS,MT
BTM,"BUTTE, MT",BUTTE,MT
CHF,"CHIEF MT, MT",CHIEF MT,MT
CTB,"CUT BANK MUNICIPAL, MT",CUT BANK MUNICIPAL,MT
CUT,"CUT BANK, MT",CUT BANK,MT
DLB,"DEL BONITA, MT",DEL BONITA,MT
BZN,"GALLATIN FIELD - BOZEMAN, MT",GALLATIN FIELD - BOZEMAN,MT
FCA,"GLACIER NATIONAL PARK, MT",GLACIER NATIONAL PARK,MT
GGW,"GLASGOW, MT",GLASGOW,MT
GRE,"GREAT FALLS, MT",GREAT FALLS,MT
HVR,"HAVRE, MT",HAVRE,MT
HEL,"HELENA, MT",HELENA,MT
LWT,"LEWISTON, MT",LEWISTON,MT
MGM,"MORGAN, MT",MORGAN,MT
OPH,"OPHEIM, MT",OPHEIM,MT
PIE,"PIEGAN, MT",PIEGAN,MT
RAY,"RAYMOND, MT",RAYMOND,MT
ROO,"ROOSVILLE, MT",ROOSVILLE,MT
SCO,"SCOBEY, MT",SCOBEY,MT
SWE,"SWEETGTASS, MT",SWEETGTASS,MT
TRL,"TRIAL CREEK, MT",TRIAL CREEK,MT
TUR,"TURNER, MT",TURNER,MT
WCM,"WILLOW CREEK, MT",WILLOW CREEK,MT
CLT,"CHARLOTTE, NC",CHARLOTTE,NC
FAY,"FAYETTEVILLE, NC",FAYETTEVILLE,NC
MRH,"MOREHEAD CITY, NC",MOREHEAD CITY,NC
FOP,"MORRIS FIELDS AAF, NC",MORRIS FIELDS AAF,NC
GSO,"PIEDMONT TRIAD INTL AIRPORT, NC",PIEDMONT TRIAD INTL AIRPORT,NC
RDU,"RALEIGH/DURHAM, NC",RALEIGH/DURHAM,NC
SSC,"SHAW AFB - SUMTER, NC",SHAW AFB - SUMTER,NC
WIL,"WILMINGTON, NC",WILMINGTON,NC
AMB,"AMBROSE, ND",AMBROSE,ND
ANT,"ANTLER, ND",ANTLER,ND
CRY,"CARBURY, ND",CARBURY,ND
DNS,"DUNSEITH, ND",DUNSEITH,ND
FAR,"FARGO, ND",FARGO,ND
FRT,"FORTUNA, ND",FORTUNA,ND
GRF,"GRAND FORKS, ND",GRAND FORKS,ND
HNN,"HANNAH, ND",HANNAH,ND
HNS,"HANSBORO, ND",HANSBORO,ND
MAI,"MAIDA, ND",MAIDA,ND
MND,"MINOT, ND",MINOT,ND
NEC,"NECHE, ND",NECHE,ND
NOO,"NOONAN, ND",NOONAN,ND
NRG,"NORTHGATE, ND",NORTHGATE,ND
PEM,"PEMBINA, ND",PEMBINA,ND
SAR,"SARLES, ND",SARLES,ND
SHR,"SHERWOOD, ND",SHERWOOD,ND
SJO,"ST JOHN, ND",ST JOHN,ND
WAL,"WALHALLA, ND",WALHALLA,ND
WHO,"WESTHOPE, ND",WESTHOPE,ND
WND,"WILLISTON, ND",WILLISTON,ND
OMA,"OMAHA, NE",OMAHA,NE
LEB,"LEBANON, NH",LEBANON,NH
MHT,"MANCHESTER, NH",MANCHESTER,NH
PNH,"PITTSBURG, NH",PITTSBURG,NH
PSM,"PORTSMOUTH, NH",PORTSMOUTH,NH
BYO,"BAYONNE, NJ",BAYONNE,NJ
CNJ,"CAMDEN, NJ",CAMDEN,NJ
HOB,"HOBOKEN, NJ",HOBOKEN,NJ
JER,"JERSEY CITY, NJ",JERSEY CITY,NJ
WRI,"MC GUIRE AFB - WRIGHTSOWN, NJ",MC GUIRE AFB - WRIGHTSOWN,NJ
MMU,"MORRISTOWN, NJ",MORRISTOWN,NJ
NEW,"NEWARK/TETERBORO, NJ",NEWARK/TETERBORO,NJ
PER,"PERTH AMBOY, NJ",PERTH AMBOY,NJ
ACY,"POMONA FIELD - ATLANTIC CITY, NJ",POMONA FIELD - ATLANTIC CITY,NJ
ABQ,"ALBUQUERQUE, NM",ALBUQUERQUE,NM
ANP,"ANTELOPE WELLS, NM",ANTELOPE WELLS,NM
CRL,"CARLSBAD, NM",CARLSBAD,NM
COL,"COLUMBUS, NM",COLUMBUS,NM
CDD,"CRANE LAKE - ST. LOUIS CNTY, NM",CRANE LAKE - ST. LOUIS CNTY,NM
LAS,"LAS CRUCES, NM",LAS CRUCES,NM
RUI,"RUIDOSO, NM",RUIDOSO,NM
STR,"SANTA TERESA, NM",SANTA TERESA,NM
RNO,"CANNON INTL - RENO/TAHOE, NV",CANNON INTL - RENO/TAHOE,NV
FLX,"FALLON MUNICIPAL AIRPORT, NV",FALLON MUNICIPAL AIRPORT,NV
LVG,"LAS VEGAS, NV",LAS VEGAS,NV
REN,"RENO, NV",RENO,NV
ALB,"ALBANY, NY",ALBANY,NY
AXB,"ALEXANDRIA BAY, NY",ALEXANDRIA BAY,NY
BUF,"BUFFALO, NY",BUFFALO,NY
CNH,"CANNON CORNERS, NY",CANNON CORNERS,NY
CAP,"CAPE VINCENT, NY",CAPE VINCENT,NY
CHM,"CHAMPLAIN, NY",CHAMPLAIN,NY
CHT,"CHATEAUGAY, NY",CHATEAUGAY,NY
CLA,"CLAYTON, NY",CLAYTON,NY
FTC,"FORT COVINGTON, NY",FORT COVINGTON,NY
LAG,"LA GUARDIA, NY",LA GUARDIA,NY
LEW,"LEWISTON, NY",LEWISTON,NY
MAS,"MASSENA, NY",MASSENA,NY
MAG,"MCGUIRE AFB, NY",MCGUIRE AFB,NY
MOO,"MOORES, NY",MOORES,NY
MRR,"MORRISTOWN, NY",MORRISTOWN,NY
NYC,"NEW YORK, NY",NEW YORK,NY
NIA,"NIAGARA FALLS, NY",NIAGARA FALLS,NY
OGD,"OGDENSBURG, NY",OGDENSBURG,NY
OSW,"OSWEGO, NY",OSWEGO,NY
ELM,"REGIONAL ARPT - HORSEHEAD, NY",REGIONAL ARPT - HORSEHEAD,NY
ROC,"ROCHESTER, NY",ROCHESTER,NY
ROU,"ROUSES POINT, NY",ROUSES POINT,NY
SWF,"STEWART - ORANGE CNTY, NY",STEWART - ORANGE CNTY,NY
SYR,"SYRACUSE, NY",SYRACUSE,NY
THO,"THOUSAND ISLAND BRIDGE, NY",THOUSAND ISLAND BRIDGE,NY
TRO,"TROUT RIVER, NY",TROUT RIVER,NY
WAT,"WATERTOWN, NY",WATERTOWN,NY
HPN,"WESTCHESTER - WHITE PLAINS, NY",WESTCHESTER - WHITE PLAINS,NY
WRB,"WHIRLPOOL BRIDGE, NY",WHIRLPOOL BRIDGE,NY
YOU,"YOUNGSTOWN, NY",YOUNGSTOWN,NY
AKR,"AKRON, OH",AKRON,OH
ATB,"ASHTABULA, OH",ASHTABULA,OH
CIN,"CINCINNATI, OH",CINCINNATI,OH
CLE,"CLEVELAND, OH",CLEVELAND,OH
CLM,"COLUMBUS, OH",COLUMBUS,OH
LOR,"LORAIN, OH",LORAIN,OH
MBO,"MARBLE HEADS, OH",MARBLE HEADS,OH
SDY,"SANDUSKY, OH",SANDUSKY,OH
TOL,"TOLEDO, OH",TOLEDO,OH
OKC,"OKLAHOMA CITY, OK",OKLAHOMA CITY,OK
TUL,"TULSA, OK",TULSA,OK
AST,"ASTORIA, OR",ASTORIA,OR
COO,"COOS BAY, OR",COOS BAY,OR
HIO,"HILLSBORO, OR",HILLSBORO,OR
MED,"MEDFORD, OR",MEDFORD,OR
NPT,"NEWPORT, OR",NEWPORT,OR
POO,"PORTLAND, OR",PORTLAND,OR
PUT,"PUT-IN-BAY, OH",PUT-IN-BAY,OH
RDM,"ROBERTS FIELDS - REDMOND, OR",ROBERTS FIELDS - REDMOND,OR
ERI,"ERIE, PA",ERIE,PA
MDT,"HARRISBURG, PA",HARRISBURG,PA
HSB,"HARRISONBURG, PA",HARRISONBURG,PA
PHI,"PHILADELPHIA, PA",PHILADELPHIA,PA
PIT,"PITTSBURG, PA",PITTSBURG,PA
AGU,"AGUADILLA, PR",AGUADILLA,PR
BQN,"BORINQUEN - AGUADILLO, PR",BORINQUEN - AGUADILLO,PR
JCP,"CULEBRA - BENJAMIN RIVERA, PR",CULEBRA - BENJAMIN RIVERA,PR
ENS,"ENSENADA, PR",ENSENADA,PR
FAJ,"FAJARDO, PR",FAJARDO,PR
HUM,"HUMACAO, PR",HUMACAO,PR
JOB,"JOBOS, PR",JOBOS,PR
MAY,"MAYAGUEZ, PR",MAYAGUEZ,PR
PON,"PONCE, PR",PONCE,PR
PSE,"PONCE-MERCEDITA, PR",PONCE-MERCEDITA,PR
SAJ,"SAN JUAN, PR",SAN JUAN,PR
VQS,"VIEQUES-ARPT, PR",VIEQUES-ARPT,PR
PRO,"PROVIDENCE, RI",PROVIDENCE,RI
PVD,"THEODORE FRANCIS - WARWICK, RI",THEODORE FRANCIS - WARWICK,RI
CHL,"CHARLESTON, SC",CHARLESTON,SC
GEO,"GEORGETOWN, SC",GEORGETOWN,SC
GSP,"GREENVILLE, SC",GREENVILLE,SC
GRR,"GREER, SC",GREER,SC
MYR,"MYRTLE BEACH, SC",MYRTLE BEACH,SC
SPF,"BLACK HILLS, SPEARFISH, SD","BLACK HILLS, SPEARFISH",SD
HON,"HOWES REGIONAL ARPT - HURON, SD",HOWES REGIONAL ARPT - HURON,SD
TYS,"MC GHEE TYSON - ALCOA, TN",MC GHEE TYSON - ALCOA,TN
MEM,"MEMPHIS, TN",MEMPHIS,TN
NSV,"NASHVILLE, TN",NASHVILLE,TN
TRI,"TRI CITY ARPT, TN",TRI CITY ARPT,TN
ADS,"ADDISON AIRPORT- ADDISON, TX",ADDISON AIRPORT- ADDISON,TX
ADT,"AMISTAD DAM, TX",AMISTAD DAM,TX
ANZ,"ANZALDUAS, TX",ANZALDUAS,TX
AUS,"AUSTIN, TX",AUSTIN,TX
BEA,"BEAUMONT, TX",BEAUMONT,TX
SCC,"BP SPEC COORD. CTR, TX",BP SPEC COORD. CTR,TX
BTC,"BP TACTICAL UNIT, TX",BP TACTICAL UNIT,TX
BOA,"BRIDGE OF AMERICAS, TX",BRIDGE OF AMERICAS,TX
BRO,"BROWNSVILLE, TX",BROWNSVILLE,TX
CRP,"CORPUS CHRISTI, TX",CORPUS CHRISTI,TX
DAL,"DALLAS, TX",DALLAS,TX
DLR,"DEL RIO, TX",DEL RIO,TX
DNA,"DONNA, TX",DONNA,TX
EGP,"EAGLE PASS, TX",EAGLE PASS,TX
ELP,"EL PASO, TX",EL PASO,TX
FAB,"FABENS, TX",FABENS,TX
FAL,"FALCON HEIGHTS, TX",FALCON HEIGHTS,TX
FTH,"FORT HANCOCK, TX",FORT HANCOCK,TX
AFW,"FORT WORTH ALLIANCE, TX",FORT WORTH ALLIANCE,TX
FPT,"FREEPORT, TX",FREEPORT,TX
GAL,"GALVESTON, TX",GALVESTON,TX
HLG,"HARLINGEN, TX",HARLINGEN,TX
HID,"HIDALGO, TX",HIDALGO,TX
HOU,"HOUSTON, TX",HOUSTON,TX
SGR,"HULL FIELD, SUGAR LAND ARPT, TX","HULL FIELD, SUGAR LAND ARPT",TX
LLB,"JUAREZ-LINCOLN BRIDGE, TX",JUAREZ-LINCOLN BRIDGE,TX
LCB,"LAREDO COLUMBIA BRIDGE, TX",LAREDO COLUMBIA BRIDGE,TX
LRN,"LAREDO NORTH, TX",LAREDO NORTH,TX
LAR,"LAREDO, TX",LAREDO,TX
LSE,"LOS EBANOS, TX",LOS EBANOS,TX
IND,"LOS INDIOS, TX",LOS INDIOS,TX
LOI,"LOS INDIOS, TX",LOS INDIOS,TX
MCA,"MCALLEN, TX",MCALLEN,TX
MAF,"ODESSA REGIONAL, TX",ODESSA REGIONAL,TX
PDN,"PASO DEL NORTE,TX",PASO DEL NORTE,TX
PBB,"PEACE BRIDGE, NY",PEACE BRIDGE,NY
PHR,"PHARR, TX",PHARR,TX
PAR,"PORT ARTHUR, TX",PORT ARTHUR,TX
ISB,"PORT ISABEL, TX",PORT ISABEL,TX
POE,"PORT OF EL PASO, TX",PORT OF EL PASO,TX
PRE,"PRESIDIO, TX",PRESIDIO,TX
PGR,"PROGRESO, TX",PROGRESO,TX
RIO,"RIO GRANDE CITY, TX",RIO GRANDE CITY,TX
ROM,"ROMA, TX",ROMA,TX
SNA,"SAN ANTONIO, TX",SAN ANTONIO,TX
SNN,"SANDERSON, TX",SANDERSON,TX
VIB,"VETERAN INTL BRIDGE, TX",VETERAN INTL BRIDGE,TX
YSL,"YSLETA, TX",YSLETA,TX
CHA,"CHARLOTTE AMALIE, VI",CHARLOTTE AMALIE,VI
CHR,"CHRISTIANSTED, VI",CHRISTIANSTED,VI
CRU,"CRUZ BAY, ST JOHN, VI","CRUZ BAY, ST JOHN",VI
FRK,"FREDERIKSTED, VI",FREDERIKSTED,VI
STT,"ST THOMAS, VI",ST THOMAS,VI
LGU,"CACHE AIRPORT - LOGAN, UT",CACHE AIRPORT - LOGAN,UT
SLC,"SALT LAKE CITY, UT",SALT LAKE CITY,UT
CHO,"ALBEMARLE CHARLOTTESVILLE, VA",ALBEMARLE CHARLOTTESVILLE,VA
DAA,"DAVISON AAF - FAIRFAX CNTY, VA",DAVISON AAF - FAIRFAX CNTY,VA
HOP,"HOPEWELL, VA",HOPEWELL,VA
NWN,"NEWPORT, VA",NEWPORT,VA
NOR,"NORFOLK, VA",NORFOLK,VA
RCM,"RICHMOND, VA",RICHMOND,VA
ABS,"ALBURG SPRINGS, VT",ALBURG SPRINGS,VT
ABG,"ALBURG, VT",ALBURG,VT
BEB,"BEEBE PLAIN, VT",BEEBE PLAIN,VT
BEE,"BEECHER FALLS, VT",BEECHER FALLS,VT
BRG,"BURLINGTON, VT",BURLINGTON,VT
CNA,"CANAAN, VT",CANAAN,VT
ERC,"EAST RICHFORD, VT",EAST RICHFORD,VT
HIG,"HIGHGATE SPRINGS, VT",HIGHGATE SPRINGS,VT
MOR,"MORSES LINE, VT",MORSES LINE,VT
NPV,"NEWPORT, VT",NEWPORT,VT
NRT,"NORTH TROY, VT",NORTH TROY,VT
NRN,"NORTON, VT",NORTON,VT
PIV,"PINNACLE ROAD, VT",PINNACLE ROAD,VT
RIF,"RICHFORT, VT",RICHFORT,VT
STA,"ST ALBANS, VT",ST ALBANS,VT
WBE,"WEST BERKSHIRE, VT",WEST BERKSHIRE,VT
ABE,"ABERDEEN, WA",ABERDEEN,WA
ANA,"ANACORTES, WA",ANACORTES,WA
BEL,"BELLINGHAM, WA",BELLINGHAM,WA
BLA,"BLAINE, WA",BLAINE,WA
BWA,"BOUNDARY, WA",BOUNDARY,WA
DVL,"DANVILLE, WA",DANVILLE,WA
EVE,"EVERETT, WA",EVERETT,WA
FER,"FERRY, WA",FERRY,WA
FRI,"FRIDAY HARBOR, WA",FRIDAY HARBOR,WA
FWA,"FRONTIER, WA",FRONTIER,WA
KLM,"KALAMA, WA",KALAMA,WA
LAU,"LAURIER, WA",LAURIER,WA
LON,"LONGVIEW, WA",LONGVIEW,WA
MET,"METALINE FALLS, WA",METALINE FALLS,WA
MWH,"MOSES LAKE GRANT COUNTY ARPT, WA",MOSES LAKE GRANT COUNTY ARPT,WA
NEA,"NEAH BAY, WA",NEAH BAY,WA
NIG,"NIGHTHAWK, WA",NIGHTHAWK,WA
OLY,"OLYMPIA, WA",OLYMPIA,WA
ORO,"OROVILLE, WA",OROVILLE,WA
PWB,"PASCO, WA",PASCO,WA
PIR,"POINT ROBERTS, WA",POINT ROBERTS,WA
PNG,"PORT ANGELES, WA",PORT ANGELES,WA
PTO,"PORT TOWNSEND, WA",PORT TOWNSEND,WA
SEA,"SEATTLE, WA",SEATTLE,WA
SPO,"SPOKANE, WA",SPOKANE,WA
SUM,"SUMAS, WA",SUMAS,WA
TAC,"TACOMA, WA",TACOMA,WA
PSC,"TRI-CITIES - PASCO, WA",TRI-CITIES - PASCO,WA
VAN,"VANCOUVER, WA",VANCOUVER,WA
AGM,"ALGOMA, WI",ALGOMA,WI
BAY,"BAYFIELD, WI",BAYFIELD,WI
GRB,"GREEN BAY, WI",GREEN BAY,WI
MNW,"MANITOWOC, WI",MANITOWOC,WI
MIL,"MILWAUKEE, WI",MILWAUKEE,WI
MSN,"TRUAX FIELD - DANE COUNTY, WI",TRUAX FIELD - DANE COUNTY,WI
CHS,"CHARLESTON, WV",CHARLESTON,WV
CLK,"CLARKSBURG, WV",CLARKSBURG,WV
BLF,"MERCER COUNTY, WV",MERCER COUNTY,WV
CSP,"CASPER, WY",CASPER,WY
MTY,"GEN M. ESCOBEDO, Monterrey, MX","GEN M. ESCOBEDO, Monterrey",MX
HMO,"GEN PESQUEIRA GARCIA, MX",GEN PESQUEIRA GARCIA,MX
GDL,"GUADALAJARA, MIGUEL HIDAL, MX","GUADALAJARA, MIGUEL HIDAL",MX
MEX,"JUAREZ INTL, MEXICO CITY, MX","JUAREZ INTL, MEXICO CITY",MX
CNC,"CANNON CORNERS, NY",CANNON CORNERS,NY
AG0,"MAGNOLIA, AR",MAGNOLIA,AR
BHM,"BAR HARBOR, ME",BAR HARBOR,ME
BHX,"BIRMINGHAM, AL",BIRMINGHAM,AL
CAK,"AKRON, OH",AKRON,OH
FOK,"SUFFOLK COUNTY, NY",SUFFOLK COUNTY,NY
LND,"LANDER, WY",LANDER,WY
MAR,"MARFA, TX",MARFA,TX
MLI,"MOLINE, IL",MOLINE,IL
RIV,"RIVERSIDE, CA",RIVERSIDE,CA
RME,"ROME, NY",ROME,NY
VNY,"VAN NUYS, CA",VAN NUYS,CA
YUM,"YUMA, AZ",YUMA,AZ
